Codigo_cancion,Numero de estrofa,Texo de estrofa
10000,0,"
Tengo en esta historia algo que confesar
Ya entendí muy bien qué fue lo que pasó
Y aunque duela tanto tengo que aceptar
Que tú no eres la mala, que el malo soy yo
No me conociste nunca de verdad
Ya se fue la magia que te enamoró
Y es que no quisiera estar en tu lugar
Porque tu error sólo fue conocerme

"
10000,1,"
No eres tú, no eres tú, no eres tú, soy yo (soy yo)
No te quiero hacer sufrir, es mejor olvidar y dejarlo así (así)
Échame la culpa
No eres tú, no eres tú, no eres tú, soy yo (soy yo)
No te quiero hacer sufrir, es mejor olvidar y dejarlo así (así)
Échame la culpa

"
10000,2,"
Okay, I don't really, really wanna fight anymore
I don't really, really want to fake it no more
Play me like The Beatles, baby, just let it be
So come on, put the blame on me, yeah
I don't really, really wanna fight anymore
I don't really, really want to fake it no more
Play me like The Beatles, baby, just let it be
So come on, put the blame on me

"
10000,3,"
Solamente te falta un beso
Solamente te falta un beso
Ese beso que siempre te prometí
Échame la culpa
Solamente te falta un beso
Solamente te falta un beso
Ese beso que siempre te prometí
Échame la culpa

"
10000,4,"
Okay, I don't really, really wanna fight anymore
I don't really, really want to fake it no more
Play me like The Beatles, baby, just let it be
So come on, put the blame on me, yeah
I don't really, really wanna fight anymore
I don't really, really want to fake it no more
Play me like The Beatles, baby, just let it be
So come on, put the blame on me

"
10000,5,"
No eres tú, no eres tú, no eres tú, soy yo (soy yo)
No te quiero hacer sufrir, es mejor olvidar y dejarlo así (así)
Échame la culpa
No eres tú, no eres tú, no eres tú, soy yo (soy yo)
No te quiero hacer sufrir, es mejor olvidar y dejarlo así (así)
Échame la culpa

"
10001,0,"
Aquí estás
Ya no puedes detenerte
¿Dónde vas? Si estoy loco por tenerte
Cómo lo iba a saber
Que te vería otra vez

"
10001,1,"
Tú me confundes, no sé qué hacer
Yo lo que quiero es pasarla bien
Yo tengo miedo de que me guste
Y que vaya a enloquecer
Si eso pasa yo seguiré
Contigo aquí como un perro fiel
Yo tengo miedo de que me guste
Y que vaya a enloquecer

"
10001,2,"
Te hablo en serio mai, no estoy jugando
Tanto tiempo pasa y nada
Estas ganas no me aguanto
Y aunque tú me esquives, yo te sigo deseando
Dicen que tú eres peligrosa
No le hago caso a esas cosas
Dime qué está pasando
Me tienes como un loco, soy un loco enamorado, eh
Quiero saber cuánto me vas a insistir
Y hasta dónde llegarías por mí
Siento mucho la espera
Pero valdrá la pena cuando te esté besando
De la manera que te mueves así
Yo te lo juro me voy a derretir
Tú sabes que soy buena
Por más que yo te esquive me sigues deseando

"
10001,3,"
Enloque-que-quecer
Yo no pido nada extraordinario
Solo un hombre de verdad
Que se tire por mí al barro
Que cambie las bombillas y hasta que me lave el carro
Quiero un tipo atento y cariñoso
Pero que no sea muy celoso
Que en la calle sea un príncipe
Pero que en mi cama sea salvaje y peligroso

"
10001,4,"
Puedes pedir lo que quieras de mí
Yo haría lo que fuera para ti
Siento mucho la espera
Pero valdrá la pena cuando te esté besando
Yo estoy seguro que estoy hecho pa' ti
Yo te lo juro no te haré sufrir
Como te dije nena
Por más que tú me esquives, te sigo deseando

"
10001,5,"
Enloque-que-quecer
Aquí estás
Ya no puedes detenerte
¿Dónde vas? (¡Oh!)
Si estoy loco por tenerte

"
10002,0,"
Miento, si te digo que en ti no ando pensando
Quisiera saber lo que estás haciendo
Te llamo pero me sale ocupado, uoh

Tú me robaste el corazón como un criminal
Bebé yo no puedo negarlo
Esto que siento por ti no puede ser legal

"
10002,1,"
Criminal, cri, criminal
Tu estilo, tu flow baby, muy criminal
Criminal, uh, criminal, ah

Criminal, cri, criminal
Tu estilo, tu flow mami, muy criminal
Criminal, cri, criminal, ah

"
10002,2,"
Ya tú me miras como que te pongo mal
De lejos yo puedo observar lo que tu mente puede pensar
Tú me dices que yo me dejo llevar
Será porque tienes un flow demasiao' de cri-criminal, baby

Similar yo la he visto por ahí
Que solo la mire de lejitos y se ponga así, salvaje
Bailame, pero con coraje
Y deja que esta pista haga que te suba el traje

"
10002,3,"
Miento, si te digo que en ti no ando pensando
Quisiera saber lo que estás haciendo
Te llamo pero me sale ocupado, uoh

Tú me robaste el corazón como un criminal
Bebé yo no puedo negarlo
Esto que siento por ti no puede ser legal, ah

"
10002,4,"
Como tú no hace, rompe la ley
Tú eres un delito que yo quiero cometer
Si por eso dieran tiempo, perpetuar debieras ver
Para mis problemas que no quiero resolver no

Tú me encantas, yo no te quiero mentir
Tú eres para mí, no te quiero compartir
Sin mala maña, la cosa se nos daña
Tú, no te has ido y mi cuerpo a ti te extraña

"
10002,5,"
Tú me miras como que te pongo mal
De lejos yo puedo observar lo que tu mente puede pensar
Tú me dices que yo me dejo llevar
Será porque tienes un flow demasiao' de cri-criminal, baby

"
10003,0,"
Tú me partiste el corazón (Maluma, baby)
Pero mi amor no hay problema, no, no (Rudeboyz)
Ahora puedo regalar un pedacito a cada nena
Sólo un pedacito

Tú me partiste el corazón (Ay mi corazón)
Pero mi amor no hay problema, no, no
Ahora puedo regalar un pedacito a cada nena
Sólo un pedacito

"
10003,1,"
Ya no vengas más con esos cuentos mami
Si desde el principio siempre estuve pa' ti
Nunca me avisaron cuál era el problema
Te gusta estar rodando por camas ajena

Ahora me tocó a mí cambiar el sistema
Andar con gatas nuevas, repartir el corazón
Sin tanta pena, ahora te digo goodbye
Muito obrigado, pa' ti ya no hay

"
10003,2,"
Uooh uooh uohh, uooh uooh uohh
No tengo miedo de decir adiós
Yo quiero repartir meu coração

Uooh uooh uohh, uooh uooh uohh
Ahora te digo goodbye
Muito obrigado, pa' ti ya no hay
(Maluma, baby)

"
10003,3,"
Você partiu meu coração (Ai, meu coração)
Mas meu amor, não tem problema, não, não
Que agora vai sobrar então (O quê? O quê?)
Un pedacito a cada nena
Sólo un pedacito

"
10003,4,"
Se eu não guardo nem dinheiro
Quem dirá guardar rancor
Você vacilou primeiro
Nosso caso acabou

"
10004,0,"
Si el ritmo te lleva a mover la cabeza ya empezamos cómo es
Mi música no discrimina a nadie así que vamos a romper

Con lo mío todos se mueven
La fiesta la llevo en mis genes
Yo soy la reina de los nenes
Mi gente no se detiene, aquí nadie se quiere ir

Si el ritmo está en tu cabeza
Ahora suéltate y mueve los pies
Me encanta cuando el bajo suena
Empezamos a subir de nivel

Toda mi gente se mueve
La fiesta la llevo en mis genes
Yo soy la reina de los nenes
Mi musica los tiene fuerte bailando y se baila así

"
10004,1,"
Tamo' rompiendo la discoteca
La fiesta no para, apenas comienza
C'est comme-ci, c'est comme-ça
Ma ch"
10004,2,"
¿Y dónde está mi gente?
Mais fais bouger la tête
Azul, are you with me
Say yeah, yeah, yeah
Un, dos, tres, leggo'
(Ay yeah, yeah, yeah)

"
10004,3,"
He say my body stay wetter than the ocean
And he say that Creole in my body is like a potion
I can be a beast or I can give you emotion
But please don't question my devotion
I been giving birth on these haters 'cause I'm fertile
See these double Cs on this bag, murda
Want my double Ds in his bed, Serta
If you really love me make an album about me, word up

Soon as I walk in
Boys start they talkin
Right as that booty sway (Freeze)
Slay
Lift up your people
From Texas, Puerto Rico
Dem' islands to México (Freeze)

"
10004,4,"
Esquina a esquina, de ahí no' vamo' (de ahí no' vamo')
El mundo es grande pero lo tengo en mi' manos
Estoy muy duro, sí, ok, ahí vamos
Y con el tiempo nos seguimos elevando

Que seguimos rompiendo aquí
Esta fiesta no tiene fin
Botellas para arriba, sí
Mi gente no se detiene, aquí nadie se quiere ir

"
10004,5,"
¿Y dónde está mi gente?
Mais fais bouger la tête
Azul, are you with me
Say yeah, yeah, yeah
Un, dos, tres, leggo'
(Oh, yes, I am)

"
10005,0,"
A mí me gusta que me traten como dama
Aunque a veces se me olvide cuando estamos en la cama
A mí me gusta que me digan poesía
Al oído por la noche cuando hacemos groserías

"
10005,1,"
Me gusta un caballero, que sea interesante
Que sea un buen amigo, pero más un buen amante
¿Qué importan unos años de más?

"
10005,2,"
A mí me gustan mayores
De esos que llaman señores
De los que te abren la puerta y te mandan flores
A mí me gustan más grandes
Que no me quepa en la boca
Los besos que quiera darme y que me vuelva loca

"
10005,3,"
Loca, whoah oh, oh, oh
Loca, whoah oh, oh, oh

"
10005,4,"
Yo no soy viejo pero tengo la cuenta como uno
Si quieres a la cama yo te llevo el desayuno
Como yo ninguno, un caballero con veintiuno
Yo estoy puesto pa' toas' tus locuras
Tú quiere' un viejo ¿Tas' segura?
Yo te prometo un millón de aventuras
Y en la cama te duro lo que él no dura

"
10005,5,"
Yo estoy activo 24/7
Conmigo no hacen faltan los juguetes
Yo todavía nuevo de paquete
Pero si te gustan usao' pues con otro vete

"
10005,6,"
Yo no quiero un niño que no sepa nada
Yo prefiero un tipo que me de la talla
Yo no quiero un niño que no sepa nada
Yo prefiero un tipo que me de la talla

"
10006,0,"
Y ahora trata, trata
De descontrolarme
Suelta, suelta
Pierde los modales
Oh, sientes el subidón

"
10006,1,"
Tu cuerpo me mata, mata
No hay quien te pare
Falta, falta
Un hombre que sabe como amarte

"
10006,2,"
Solo quiere bailar sola
Dejar lo malo atrás
Ahora nadie te controla
No te hará daño jamás

Solo quiere bailar sola
Sé que te hicieron mal
Seré el que te salve ahora
Ven y déjate llevar
Ven y déjate llevar

"
10006,3,"
No hay tiempo que perder
Dime qué tengo que hacer
Pa' rescatarte
Pa' enamorarte
Eh, eh
Olvida el mal
Soy el tequila y tú la sal
Baby dame una señal y aquí estaré

"
10006,4,"
Y ahora trata, trata
De descontrolarme
Suelta, suelta
Pierde los modales
Oh, sientes el subidón

"
10006,5,"
Solo quiere bailar sola
Deja lo malo atrás
Ahora nadie te controla
No te hará daño jamas

Solo quiere bailar sola
Sé que te hicieron mal
Seré el que te salve ahora
Ven y déjate llevar
Baby, déjate llevar

"
10006,6,"
Déjame te explico
Te escribo una canción
Y la leeré, te la dedico
Te juro hasta que no estés bien
Yo no me quito
Haré que se te pasen las horas
Sin pensar en ese tipo
Quiero aprovechar el tiempo
Y decirte de una vez
Quiero ser el que te ponga
El mundo al revés
Solo que quieras
Tu dile y si era
Yo quiero verte sonreír otra vez

"
10006,7,"
Yo sé que está dolida
Yo nunca podré cerrar esa herida
Pero puede ser que tú lo olvides
Y ser la vida mía
No te puedo mentir acerca de mi propuesta
No sé si es indecente pero seré tu poeta
Pa' llevarte a la playa conmigo
Sacar, poner su blusa y ante la pisci, dejar todo a nombre mío
Ahora dime qué tal, dime si tú te vas

"
10007,0,"
¡Oh!
Tú, tú eres el imán y yo soy el metal
Me voy acercando y voy armando el plan
Sólo con pensarlo se acelera el pulso (oh, yeah!)
Ya, ya me está gustando más de lo normal
Todos mis sentidos van pidiendo más
Esto hay que tomarlo sin ningún apuro

"
10007,1,"
Despacito
Quiero respirar tu cuello despacito
Deja que te diga cosas al oído
Para que te acuerdes si no estás conmigo
Despacito
Quiero desnudarte a besos despacito
Firmo en las paredes de tu laberinto
Y hacer de tu cuerpo todo un manuscrito
(Sube, sube, sube, sube, sube)

"
10007,2,"
Quiero ver bailar tu pelo, quiero ser tu ritmo (whoa, whoa)
Que le enseñes a mi boca (woah, woah)
Tus lugares favoritos (favorito, favorito, baby)
Déjame sobrepasar tus zonas de peligro (whoa, whoa)
Hasta provocar tus gritos (whoa, whoa)
Y que olvides tu apellido

"
10007,3,"
Si te pido un beso, ven, dámelo, yo sé que estás pensándolo
Llevo tiempo intentándolo, mami, esto es dando y dándolo
Sabes que tu corazón conmigo te hace bang-bang
Sabes que esa beba está buscando de mi bang-bang
Ven, prueba de mi boca para ver cómo te sabe
Quiero, quiero, quiero ver cuánto amor a ti te cabe
Yo no tengo prisa, yo me quiero dar el viaje
Empecemos lento, después salvaje

"
10007,4,"
Pasito a pasito, suave suavecito
Nos vamos pegando, poquito a poquito
Cuando tú me besas con esa destreza
Veo que eres malicia con delicadeza
Pasito a pasito, suave suavecito
Nos vamos pegando, poquito a poquito
Y es que esa belleza es un rompecabezas
Pero pa' montarlo aquí tengo la pieza
¡Oye!

"
10007,5,"
Despacito
Quiero respirar tu cuello despacito
Deja que te diga cosas al oído
Para que te acuerdes si no estás conmigo
Despacito
Quiero desnudarte a besos despacito
Firmo en las paredes de tu laberinto
Y hacer de tu cuerpo todo un manuscrito
(Sube, sube, sube, sube, sube)

"
10007,6,"
Quiero ver bailar tu pelo, quiero ser tu ritmo (whoa, whoa)
Que le enseñes a mi boca (whoa, whoa)
Tus lugares favoritos (favorito, favorito, baby)
Déjame sobrepasar tus zonas de peligro (whoa, whoa)
Hasta provocar tus gritos (whoa, whoa)
Y que olvides tu apellido

"
10007,7,"
Despacito
Vamo' a hacerlo en una playa en Puerto Rico
Hasta que las olas griten ""¡Ay, Bendito!""
Para que mi sello se quede contigo
¡Bailalo!

"
10008,0,"
Súbeme la radio que esta es mi canción
Siente el bajo que va subiendo
Tráeme el alcohol que quita el dolor
Hoy vamo' a juntar la luna y el sol

"
10008,1,"
Súbeme la radio que esta es mi canción
Siente el bajo que va subiendo
Tráeme el alcohol que quita el dolor
Hoy vamo' a juntar la luna y el sol

"
10008,2,"
Ya no me importa nada
Ni el día ni la hora
Si lo he perdido todo
Me has dejado en las sombras
Te juro que te pienso
Hago el mejor intento
El tiempo pasa lento
Y yo me voy muriendo
(Y yo me voy muriendo)

"
10008,3,"
Si llega la noche y tú no contestas
Te juro me quedo esperando a tu puerta
Vivo pasando las noches en vela
Y sigo cantando bajo la luna llena

"
10008,4,"
Huyendo del pasado
En cada madrugada
No encuentro ningún modo
De borrar nuestra historia
A su salud bebiendo
(A su salud bebiendo)
Mientras me quede aliento
(Mientras me quede aliento)
Sólo le estoy pidiendo
(Sólo te estoy pidiendo)
Romper este silencio
(Romper este silencio)

"
10008,5,"
Ando loco y desesperado en busca de tu amor
No me dejes en esta soledad te pido
Nena te digo, vuelve conmigo
Si tú me llamas, te juro que pa' allá voy yo

Quiero verte ya
Ya no aguanto más
Quiero darte calor
Solo una vez más
Ya no aguanto más
Quiero verte ya, hoy

"
10008,6,"
Yo no te miento
Todavía te espero
Sabes bien que te quiero
No sé vivir sin ti
Yo no te miento
Todavía te espero
Sabes bien que te quiero
No sé vivir sin ti

"
20000,0,"
I found a love for me
Oh darling, just dive right in and follow my lead
Well, I found a girl, beautiful and sweet
Oh, I never knew you were the someone waitin' for me
'Cause we were just kids when we fell in love
Not knowin' what it was
I will not give you up this time
But darling, just kiss me slow, your heart is all I own
And in your eyes, you're holding mine

"
20000,1,"
Baby, I'm dancing in the dark with you between my arms
Barefoot on the grass, listening to our favourite song
When you said you looked a mess, I whispered underneath my breath
But you heard it, darling, you look perfect tonight

"
20000,2,"
Well, I found a man stronger than anyone I know
He shares my dreams, I hope that someday we'll share a home
I found a love to carry more than just my secrets
To carry love, to carry children of our own
We are still kids, but we're so in love
Fightin' against all odds
I know we'll be alright this time
Darling, just hold my hand
Be your girl, you'll be my man
And I see my future in your eyes

"
20000,3,"
Well, baby, I'm dancing in the dark with you between my arms
Barefoot on the grass while listening to our favorite song
When I saw you in that dress looking so beautiful
I don't deserve this, darling, you look perfect tonight

"
20000,4,"
Baby, I'm dancing in the dark with you between my arms
Barefoot on the grass, while listenin' to our favorite song
I have faith in what I see
Now I know I have met an angel in person
And she looks perfect, and he looks perfect
No, I don't deserve this
You look perfect tonight

"
20001,0,"
Havana, ooh na-na (ayy)
Half of my heart is in Havana, ooh na-na (ayy, ayy)
He took me back to East Atlanta, na-na-na, ah
Oh, but my heart is in Havana (ayy)
There's somethin' 'bout his manners (uh huh)
Havana, ooh na-na (uh)

"
20001,1,"
He didn't walk up with that ""how you doin'?"" (uh)
When he came in the room
He said there's a lot of girls I can do with (uh)
But I can't without you
I knew him forever in a minute (hey)
That summer night in June
And papa says he got malo in him (uh)
He got me feelin' like...

"
20001,2,"
Ooh-ooh-ooh-ooh-ooh-ooh-ooh-ooh (ayy)
I knew it when I met him (ayy), I loved him when I left him
Got me feelin' like, ooh-ooh-ooh-ooh-ooh-ooh-ooh-ooh
And then I had to tell him, I had to go
Oh na-na-na-na-na (woo)

"
20001,3,"
Jeffery, just graduated, fresh on campus, mmm
Fresh out East Atlanta with no manners, damn (fresh out East Atlanta)
Bump on her bumper like a traffic jam
Hey, I was quick to pay that girl like Uncle Sam (here you go, ayy)
Back it on me
Shawty cravin' on me, get to eatin' on me (on me)
She waited on me (then what?)
Shawty cakin' on me, got the bacon on me (wait up)
This is history in the makin', on me (on me)
Point blank, close range, that B
If it cost a million, that's me (that's me)
I was gettin' mula, baby

"
20001,4,"
Ooh na-na, oh, na-na-na (oo-ooh-ooh-ooh-ooh-ooh-ooh)
Take me back, back, back like...
Ooh na-na, oh, na-na-na (yeah, babe)
Take me back, back, back like...
Ooh na-na, oh, na-na-na (yeah, yeah)
Take me back, back, back like...
Ooh na-na, oh, na-na-na (yeah, babe)
Take me back, back, back
Hey, hey...
Ooh-ooh-ooh-ooh-ooh-ooh-ooh-ooh (hey)
Ooh-ooh-ooh-ooh-ooh-ooh-ooh-ooh (hey)
Take me back to my Havana...

"
20002,0,"
Say say say, hey hey now baby
Oh mama, don't play now baby
Say say say, hey hey now baby
Said let's get one thing straight now baby

"
20002,1,"
Tell me, tell me if you love me or not, love me or not, love me or not?
I'll bet the house on you, am I lucky or not, lucky or not, lucky or not?
You gotta tell me if you love me or not, love me or not, love me or not?
Been wishin' for you, am I lucky or not, lucky or not, lucky or not?

"
20002,2,"
Ooooh, oooh
Been wishin' for you
Ooh, ooh
Tryna' do what lovers do (ooh)
Ooooh, oooh
Been wishin' for you
Ooh, ooh
Tryna' do what lovers do (ooh)

"
20002,3,"
Say say say, hey hey now baby
You gonna make me hit you with that lay down, baby (ohhh)
(Ooh) Say say say, hey hey now baby
You know what I need, out the gate now baby (oh, ohhh)

"
20002,4,"
Ooooh, oooh
Been wishin' for you
Ooh, ooh
Tryna' do what lovers do (ooh)
Ooooh, oooh
Been wishin' for you (wishin')
Ooh, ooh
Tryna' do what lovers do (ooh)

"
20002,5,"
(Hey yeah) What lovers do (oh, ohh)
What lovers do (hmm na na na, hey yeah)
What lovers do (oh, hmm na na na, oh, ohh)

"
20002,6,"
Aren't we too grown for games?
Aren't we too grown to play around?
Young enough to chase
But old enough to know better
Are we too grown for changin'?
Are we too grown to mess around?
Ooh and I can't wait forever baby
Both of us should know better

"
20003,0,"
In your eyes, there's a heavy blue
One to love, and one to lose
Sweet divide, a heavy truth
Water or wine, don't make me choose

"
20003,1,"
I wanna feel the way that we did that summer night, night
Drunk on a feeling, alone with the stars in the sky

"
20003,2,"
I've been running through the jungle
I've been running with the wolves
To get to you, to get to you
I've been down the darkest alleys
Saw the dark side of the moon
To get to you, to get to you
I've looked for love in every stranger
Took too much to ease the anger
All for you, yeah, all for you
I've been running through the jungle
I've been crying with the wolves
To get to you, to get to you, to get to you

"
20003,3,"
To get to you
To get to you

"
20003,4,"
Your fingertips trace my skin
To places I have never been
Blindly, I am following
Break down these walls and come on in

"
20004,0,"
I'll admit, I was wrong, what else can I say, girl?
Can't you blame my head and not my heart?
I was drunk, I was gone, that don't make it right, but
Promise there were no feelings involved, mmh

"
20004,1,"
She said, ""Boy, tell me honestly
Was it real or just for show?"", yeah
She said, ""Save your apologies
Baby, I just gotta know""

"
20004,2,"
How long has this been goin' on?
You've been creepin' 'round on me
While you're callin' me ""baby""
How long has this been goin' on?
You've been actin' so shady
I've been feelin' it lately, baby

"
20004,3,"
Ooo-oh (yeah)
Ooo-oh (encore)
Oooh-ooh-oh

"
20004,4,"
I'll admit, it's my fault, but you gotta believe me
When I say it only happened once, mmm
I try, and I try, but you'll never see that
You're the only one I wanna love, oh, yeah

"
20005,0,"
Talkin' in my sleep at night, makin' myself crazy
(Out of my mind, out of my mind)
Wrote it down and read it out, hopin' it would save me
(Too many times, too many times)
My love, he makes me feel like nobody else, nobody else
But my love, he doesn't love me, so I tell myself, I tell myself

"
20005,1,"
One: Don't pick up the phone
You know he's only callin' 'cause he's drunk and alone
Two: Don't let him in
You'll have to kick him out again
Three: Don't be his friend
You know you're gonna wake up in his bed in the morning
And if you're under him, you ain't gettin' over him

"
20005,2,"
I got new rules, I count 'em
I got new rules, I count 'em
I gotta tell them to myself
I got new rules, I count 'em
I gotta tell them to myself

"
20005,3,"
I keep pushin' forwards, but he keeps pullin' me backwards
(Nowhere to turn, no way)
(Nowhere to turn, no)
Now I'm standin' back from it, I finally see the pattern
(I never learn, I never learn)
But my love, he doesn't love me, so I tell myself, I tell myself
I do, I do, I do

"
20005,4,"
Practice makes perfect
I'm still tryna learn it by heart (I got new rules, I count 'em)
Eat, sleep, and breathe it
Rehearse and repeat it, 'cause I... (I got new...)

"
20006,0,"
Not tryna be indie
Not tryna be cool
Just tryna be in this
Tell me, are you too?
Can you feel where the wind is?
Can you feel it through
All of the windows
Inside this room?

"
20006,1,"
'Cause I wanna touch you baby
And I wanna feel you too
I wanna see the sunrise
On your sins just me and you

"
20006,2,"
Light it up, on the run
Let's make love tonight
Make it up, fall in love, try

"
20006,3,"
But you'll never be alone
I'll be with you from dusk till dawn
I'll be with you from dusk till dawn
Baby, I am right here
I'll hold you when things go wrong
I'll be with you from dusk till dawn
I'll be with you from dusk till dawn
Baby, I am right here

"
20006,4,"
I'll be with you from dusk till dawn
Baby, I am right here

"
20006,5,"
We were shut like a jacket
So do your zip
We would roll down the rapids
To find a wave that fits
Can you feel where the wind is?
Can you feel it through
All of the windows
Inside this room?

"
20006,6,"
'Cause I wanna touch you baby
And I wanna feel it too
I wanna see the sunrise
On your sins just me and you

"
20006,7,"
Could give love to your body
So, only you that can stop it
Go, give love to your body
So, only you that can stop it
Go, give love to your body
So, only you that can stop it
Go, give love to your body
Go, give love to your body

"
20007,0,"
Big fat thang, overflowin'
Skin tight dress, couldn't hold it
Way too thick like it's swollen
Girl, you're too bad and you know it
When you drop down, lose focus
When that thing clap, that's a bonus
Mmm, that cake looking appetizing
Backpack full, that's a crisis

"
20007,1,"
Bring that body my way
Can't take it off my brain
Look like you do ballet, yeah

"
20007,2,"
Hold tight when you tip toe (oh, oh, oh, oh)
Shake something when you tip toe (girl, oh, oh, oh, oh)
No breaks when you push that back
Left, right, do it just like that
Hold tight when you tip toe (oh, oh, oh, oh)

"
20007,3,"
Ayo, God bless you from behind and (I do)
One hand up like the Heisman (touchdown)
First class seat when ya ridin' (oh yeah)
Wind that thing like ya spineless

"
20007,4,"
Wine fa me darlin'
Way you move ya spine is alarmin'
Mi wan you just wine fa me, darlin' (oh, oh, oh, oh)

"
20007,5,"
Oooh, one, tryna figure out who to give ya love
Two, dancin' like a freak 'til a quarter past
Three, you know I'm the one you been looking for
(Montana, ha)

"
20007,6,"
Left cheek, right cheek, left cheek, right cheek (oh, no)
Left cheek, right cheek, left cheek, right cheek (ayy, ayy)
Tip toe (tip toe), tip toe (tip toe)
Chains on, got me lookin' like a disco (a disco)
Who that be? And that drop be Mansory (skrrt)
Who that be? Blowin' gas out the 'rari (sk-skrrt)
French vanilla smooth like a 100-year wine
Come sneak up from behind, ""What's ya name?""
""What's ya sign?"" (Huh)
Wine fa me, darlin'
""You want to dock in or fly out??""
Wine fa me, darlin'
""Baby, you want to lease, rent, or buy out??""
Wine fa me, darlin'
When dat money keep blowin', swat, why shorty tip toein'
Got ya left cheek shown, mama
Tip (huh)

"
20008,0,"
Time flies by when the night is young
Daylight shines on an undisclosed location, location
Bloodshot eyes looking for the sun
Paradise delivered and we call it a vacation, vacation

"
20008,1,"
You're painting me a dream that I
Wanna belong in, wanna belong in

"
20008,2,"
Over the hills and far away
A million miles from L.A
Just anywhere away with you
I know we've got to get away
Someplace where no one knows our name
We'll find the start to something new
Just take me anywhere, take me anywhere
Anywhere away with you
Just take me anywhere, take me anywhere
Anywhere away with you

"
20008,3,"
Fun, little less fun
Little less, over, over, over, over, me
Oh, fun, little less fun
Little less, over, over, over, over, me

"
20008,4,"
Truth comes out when we're blacking out
Looking for connection in a crowd of empty faces, empty faces
Your secrets are the only thing I'm craving now
The good, and the bad, let me in
'Cause I can take it, I can take it

"
20008,5,"
Take me anywhere
Oh, anywhere
Anywhere away with you
Take me anywhere

"
20009,0,"
Ella, que ha nacido modelo, diva y superestrella
Deja el mundo menos bonito cuando se aleja
Riendo porque mi alma le llora y queja
(Es una guerrera)

"
20009,1,"
Ella tiene arsenal, ella, pa' cargarse a cualquiera
Le gusta viajar, ella, pega'ita a mi vera
Tiene el pedal, ella, cuando quiere acelera
Adicta a pelear, es una guerrera
(Eso es)

Lo juro, me muera
Es una guerrera
Lo juro, me muera
Lo juro, me muera

"
20009,2,"
Ella roba en las tiendas
Atraca los bancos, se entera de to' los santos
Se sabe el nombre del jurado
Tiene fichados los horarios
Tiene una hacienda, tres o cuatro barcos
Un M4 y un Lambo
Tiene cuero y piel en el armario
Un nombre hecho por todo el barrio
Y ella cierra los ojos y ve
A través de las paredes
Tiene la fuerza de mil hombres
Y yo me pierdo en su timidez
Eso...

"
20009,3,"
Ella, que ha nacido modelo, diva y superestrella
Deja el mundo menos bonito cuando se aleja
Riendo porque mi alma le llora y queja
Es una guerrera, ella
Lo juro, me muera, ella
Es una guerrera, ella
Lo juro, me muera, ella
Eso es

"
20009,4,"
Y el orgullo me robó
A punta de Kalashnikov
Y mi cerebro secuestró
Calla'ita con silenciador
Y ahora to'l mundo sabe:
Que tiene arsenal pa' cargarse a cualquiera
Le encanta viajar pega'íta a mi vera
Ella, tiene el pedal, y cuando quiere acelera
Adicta a pelear, es una guerrera
(Eso es)

"
20010,0,"
Ella, que ha nacido modelo, diva y superestrella
Deja el mundo menos bonito cuando se aleja
Riendo porque mi alma le llora y queja
(Es una guerrera)

"
20010,1,"
Ella tiene arsenal, ella, pa' cargarse a cualquiera
Le gusta viajar, ella, pega'ita a mi vera
Tiene el pedal, ella, cuando quiere acelera
Adicta a pelear, es una guerrera
(Eso es)

Lo juro, me muera
Es una guerrera
Lo juro, me muera
Lo juro, me muera

"
20010,2,"
Ella roba en las tiendas
Atraca los bancos, se entera de to' los santos
Se sabe el nombre del jurado
Tiene fichados los horarios
Tiene una hacienda, tres o cuatro barcos
Un M4 y un Lambo
Tiene cuero y piel en el armario
Un nombre hecho por todo el barrio
Y ella cierra los ojos y ve
A través de las paredes
Tiene la fuerza de mil hombres
Y yo me pierdo en su timidez
Eso...

"
20010,3,"
Ella, que ha nacido modelo, diva y superestrella
Deja el mundo menos bonito cuando se aleja
Riendo porque mi alma le llora y queja
Es una guerrera, ella
Lo juro, me muera, ella
Es una guerrera, ella
Lo juro, me muera, ella
Eso es

"
20010,4,"
Y el orgullo me robó
A punta de Kalashnikov
Y mi cerebro secuestró
Calla'ita con silenciador
Y ahora to'l mundo sabe:
Que tiene arsenal pa' cargarse a cualquiera
Le encanta viajar pega'íta a mi vera
Ella, tiene el pedal, y cuando quiere acelera
Adicta a pelear, es una guerrera
(Eso es)

"
20011,0,"
Fuera, vete de mi casa
Tú no eres mi amiga
Que yo sigo jugando, qué más da
Sigo jugando solo

Me aburro
El patio está vacío
Y suenan las sirenas
Y yo sigo jugando, qué más da
Sigo jugando y siempre me castigas

"
20011,1,"
Y solo quiero que te vayas
Solo quiero que se acabe
Solo quiero que me dejes solo

"
20011,2,"
Fuera, vete de mi casa
Suéltame las manos
No soy más que un niño
Con los pies descalzos

Y yo sigo jugando, qué más da
Sigo jugando solo

Nada, ya no queda nada
Solo tu delirio
Tu ruido insoportable en el salón
No queda nada más que tu fantasma

"
20012,0,"
No hay reglas para amar
No hay forma de acertar
Solo pretendo ser
Tu mejor verdad

Pero tú vienes y te vas
Y yo alerto al corazón
Si te vas a quedar
No entenderé otro adiós

"
20012,1,"
Que el hambre que tienes se olvida
De las mordidas que ya le dio a mi vida

"
20012,2,"
No vaya a ser que te quiera y te vuelvas a ir
No vaya a ser que me enamore aún más de ti
No vaya a ser que me equivoque y te vuelva a perder
No vaya a ser que me caiga otra vez

"
20012,3,"
Te juro que intenté
No verte en otra piel
Vacío en el papel
Mi rabia y mi ser

Espero no llevar
La cruz de perdonar
A quién no me hace bien
Y juega a marear

"
20013,0,"
Vuelves, en cada sueño que tengo
Caigo de nuevo en tu red
Sé que tarda un tiempo
Curarme de ti de una vez

Tuve tantos momentos felices
Que olvido lo triste que fue
Darte de mi alma
Lo que tú echaste a perder

"
20013,1,"
Yo no quería amarte
Tú me enseñaste a odiarte
Todos los besos que me imaginé
Vuelven al lugar donde los vi crecer

"
20013,2,"
En Saturno viven los hijos que nunca tuvimos
En Plutón aún se oyen gritos de amor
Y en la Luna gritan a solas tu voz y mi voz
Pidiendo perdón, cosa que nunca pudimos hacer peor

"
20013,3,"
Tienes, la misma culpa que tengo
Aunque te cueste admitir
Que sientes como siento
La almohada no suele mentir

"
20014,0,"
Players, put yo' pinky rings up to the moon
Girls, what y'all trying to do?
24 karat magic in the air
Head to toe so player
Uh, look out!

"
20014,1,"
Pop pop, it's show time (Show time)
Show time (Show time)
Guess who's back again?
Oh they don't know? (Go on tell 'em)
Oh they don't know? (Go on tell 'em)
I bet they know soon as we walk in (Showin' up)
Wearing Cuban links (ya)
Designer minks (ya)
Inglewood's finest shoes (Whoop, whoop)
Don't look too hard
Might hurt ya'self
Known to give the color red the blues

"
20014,2,"
Ooh shit, I'm a dangerous man with some money in my pocket
(Keep up)
So many pretty girls around me and they waking up the rocket
(Keep up)
Why you mad? Fix ya face
Ain't my fault y'all be jocking
(Keep up)

"
20014,3,"
Second verse for the hustlas (hustlas)
Gangstas (gangstas)
Bad bitches and ya ugly ass friends (Haha)
Can I preach? (Uh oh) Can I preach? (Uh oh)
I gotta show 'em how a pimp get it in
First, take your sip (sip), do your dip (dip)
Spend your money like money ain't shit (Whoop, whoop)
We too fresh
Got to blame it on Jesus
Hashtag blessed
They ain't ready for me

"
20014,4,"
(Wooh)
Everywhere I go they be like
Ooh, so player ooh
Everywhere I go they be like
Ooh, so player ooh
Everywhere I go they be like
Ooh, so player ooh
Now, now, now
Watch me break it down like (Uh)
24 karat, 24 karat magic
What's that sound?
24 karat, 24 karat magic
Come on now
24 karat, 24 karat magic
Don't fight the feeling
Invite the feeling

"
20015,0,"
She works at nights, by the water
She's gone astray, so far away
From her father's daughter
She just wants a life for her baby
All on her own, no one will come
She's got to save him (daily struggle)

"
20015,1,"
She tells him, ""Oh, love, no one's ever gonna hurt you, love.""
""I'm gonna give you all of my love.""
""Nobody matters like you.""
(Stay up there, stay up there!)
She tells him, ""Your life ain't gon' be nothing like my life."" (Straight!)
""You're gonna grow and have a good life.""
""I'm gonna do what I've got to do.""
(Stay up there, stay up there!)

"
20015,2,"
So, rockabye, baby, rockabye
I'm gonna rock you
Rockabye, baby, don't you cry
Somebody's got you
Rockabye, baby, rockabye
I'm gonna rock you
Rockabye, baby, don't you cry
Ah, Rockabye, no

"
20015,3,"
Rockabye, rocka-rocka-rocka-bye
(Rockabye, yeah, yeah)
Rockabye, rocka-rocka-rocka-bye

"
20015,4,"
Single mum, how're you doing out there?
Facing the hard life, without no fear (Yeah!)
Just so you know that you really care
'Cause any obstacle come, you're well prepared (Oh, no!)
And no, mama, you never shed tear
'Cause you have to shed things year after year
And you give the yout love beyond compare (Yeah!)
You find his school fee and the bus fare (Yeah!)
Mh, Marie, the paps' disappear
In the wrong bar, can't find him nowhere
Steadily your workflow, heavily you know
So your non-stop, no time, no time for ya dear

"
20015,5,"
Now she got a six-year-old
Trying to keep him warm
Trying to keep out the cold
When he looks in her eyes
He don't know he is safe

"
20015,6,"
When she says, ""Oh, love, no one's ever gonna hurt you, love.""
""I'm gonna give you all of my love.""
""Nobody matters like you.""

"
20015,7,"
So, rockabye, baby, rockabye
I'm gonna rock you
Rockabye, baby, don't you cry
Somebody's got you
Rockabye, baby, rockabye
I'm gonna rock you
Rockabye, baby, don't you cry
(Badda-bang-bang-bang, alright then)
Ah, Rockabye, no

"
20015,8,"
Rockabye, rocka-rocka-rocka-bye
(Rockabye, yeah, yeah)
Rockabye, rocka-rocka-rocka-bye
Rockabye, don't bother cry
Lift up your head, lift it up to the sky, yo
Rockabye, don't bother cry
Angels surround you, just dry your eye

"
20015,9,"
Rockabye, don't bother cry
Lift up your head, lift it up to the sky (Ah, Rockabye!)
Rockabye, don't bother cry (Yeah!)
Angels surround you, just dry your eye (Yeah, ah, rockabye!)
Rockabye, don't bother cry (No!)
Lift up your head, lift it up to the sky (Oh, Rockabye!)
Rockabye, don't bother cry
Angels surround you, just dry your eye

"
20016,0,"
I don't wanna know, know, know, know
Who"
20016,1,"
Wasted (wasted)
And the more I drink the more I think about you
Oh no, no, I can't take it
Baby every place I go reminds me of you

"
20016,2,"
Do you think of me? Of what we used to be?
Is it better now that I'm not around?
My friends are actin' strange, they don't bring up your name
Are you happy now?
Are you happy now?

"
20016,3,"
And every time I go out, yeah
I hear it from this one, I hear it from that one
That you got someone new
Yeah, I see but don't believe it
Even in my head you're still in my bed
Maybe I'm just a fool

"
20016,4,"
(Oh hey)
No more "
20017,0,"
When you get older, plainer, saner
Will you remember all the danger
We came from?
Burning like embers, falling tender
Longing for the days of no surrender
Years ago
And will you know?

"
20017,1,"
So smoke 'em if you got 'em 'cause it's going down
All I ever wanted was you
I'll never get to heaven 'cause I don't know how

"
20017,2,"
Let's raise a glass or two
To all the things I've lost on you, ho, oh
Tell me, are they lost on you? Oh, oh
Just that you could cut me loose, ho, oh
After everything I've lost on you
Is that lost on you? Oh, oh, oh, oh, oh, ohh
Ho, oh "
20017,3,"
Wishin' I could see the machinations
Understand the toil of expectations
In your mind
Hold me like you never lost your patience
Tell me that you love me more than hate me
All the time
And you're still mine

"
20018,0,"
You were looking at me like you wanted to stay
When I saw you yesterday
I'm not wasting your time, I'm not playing no games
I see you

"
20018,1,"
Who knows the secret tomorrow will hold?
We don't really need to know
Cause you're here with me now, I don't want you to go
You're here with me now, I don't want you to go

"
20018,2,"
Maybe we're perfect strangers
Maybe it's not forever
Maybe the night will change us
Maybe we'll stay together
Maybe we'll walk away
Maybe we'll realize
We're only human
Maybe we don't need no reason
Maybe we're perfect strangers
Maybe it's not forever
Maybe the night will change us
Maybe we'll stay together
Maybe we'll walk away
Maybe we'll realize
We're only human
Maybe we don't need no reason why
Come on, come on, come over
Maybe we don't need no reason why
Come on, come on, come over

"
20018,3,"
No one but you got me feeling this way
There's so much we can't explain
Maybe we're helping each other escape
I'm with you

"
20019,0,"
Hoy me pregunto que será de ti 
Te tuve cerca y ahora estás tan lejos 
Pero prohibirme recordar lo nuestro es imposible 
Es imposible

No me perdono se que te perdí 
Pero expiraron los remordimientos 
Fui dictador y el no dejarte ir debió haber sido mi primer decreto 

"
20019,1,"
Cuatro años sin mirarte 
Tres postales y un bolero 
Dos meses y me olvidaste 
Ni siquiera me pensaste un 29 de febrero 

Andan diciendo por la calle 
Que solo le eres fiel al viento 
El mismo que nunca hizo falta 
Para levantar tu falda cada día de por medio

"
20019,2,"
Cómo te atreves a volver 
A darle vida a lo que estaba muerto 
La soledad me había tratado bien 
Y no eres quien para exigir derechos 

Cómo te atreves a volver 
Y a tus cenizas convertir en fuego 
Hoy mis mentiras veo caer 
Que no es verdad que te olvidé 
Cómo te atreves a volver 

Ohhh
Ohhh

"
20019,3,"
Por qué volviste si te vas a ir
Tantas mentiras que al final no veo 
Nunca fui bueno para distinguir, al fin y al cabo siempre me las creo

"
20019,4,"
Cómo te atreves a volver
Me hiciste daño pero sigo vivo 
Contigo yo me acostumbré a perder 
Mi corazón funciona sin latidos 

"
20020,0,"
Me perderé
Me perderé en el torbellino del amor

Me subiré
Me subiré en un remolino de color

Confundiré
Confundiré lo que es el norte con el sur
Renegaré de ese pasado donde tú
Tú dijiste adiós

"
20020,1,"
Escaparé
Escaparé como Dorita rumbo a Oz

Descubriré
Descubriré que el mago es solo una ilusión

Escogeré
Escogeré entre las tinieblas y la luz
Y lloraré con un presente donde tú
Tú eres ficción

"
20020,2,"
Es un vendaval
Que hará temblar mi miedo
Espectacular
Monumental revuelo
Que revolverá lo malo con lo bueno
Todo en este plan
Espectacular

Un ciclón total
Con rayos y con truenos
Espectacular
Un festival de fuego
Y retumbará
Sacudirá hasta el cielo
Espectacular
Sensacional

"
20020,3,"
Me montaré
Me montaré en un arco iris de neón

Y viajaré
Y viajaré a Las Vegas, Marte o Benidorm

Y tomaré
Y tomaré la decisión a cara o cruz
Apostaré por un futuro donde tú
Tú eres ficción

"
20020,4,"
Es un vendaval
Que hará temblar mi miedo
Espectacular
Monumental revuelo
Que revolverá lo malo con lo bueno
Todo en este plan
Espectacular
Un ciclón total
Con rayos y con truenos
Espectacular
Un festival de fuego
Y retumbará
Sacudirá hasta el cielo
Espectacular
Sensacional

"
30000,0,"
Deja que se enteren
Como yo te quiero
Y como tú me quieres
Deja que nos miren
Cuando te enamores
No te quejes
Deja que mi alma brille
Dime qué hago
Qué hago contigo
No me des pena
Por mi vida te lo pido
De verdad no tengo miedo
Pero ahora es cuando quiero

"
30000,1,"
Que me dejes que te mire
Y que te bese si es que puedo

"
30000,2,"
Tú eres una necesidad
Y sólo con un par de besos
Tu puedes derretir mi fuego
Puedes incendiar mi mar
Si no me das un beso ya
Tu boca se la lleva el viento
Y cómo le digo lo siento
A este cuerpo que quiere amar
Tú eres la casualidad
Más hermosa que me trajo el cielo
Quién dijo que yo estoy despierto
Si no paro de soñar
Si no me das un beso ya
Tu boca se la lleva el viento
Y cómo le digo lo siento
A este cuerpo que quiere amar

"
30000,3,"
Deja que te bese
Deja que te bese
Deja que lo intente
Deja que te invite
A que te enamores de esta noche
Una noche aquí entre miles

Me he enamorado
Nunca lo olvides
No ha sido fácil
Porque muero en tus perfiles
Me has atrapado
No te confíes

"
30001,0,"
Me perderé
Me perderé en el torbellino del amor

Me subiré
Me subiré en un remolino de color

Confundiré
Confundiré lo que es el norte con el sur
Renegaré de ese pasado donde tú
Tú dijiste adiós

"
30001,1,"
Escaparé
Escaparé como Dorita rumbo a Oz

Descubriré
Descubriré que el mago es solo una ilusión

Escogeré
Escogeré entre las tinieblas y la luz
Y lloraré con un presente donde tú
Tú eres ficción

"
30001,2,"
Es un vendaval
Que hará temblar mi miedo
Espectacular
Monumental revuelo
Que revolverá lo malo con lo bueno
Todo en este plan
Espectacular

Un ciclón total
Con rayos y con truenos
Espectacular
Un festival de fuego
Y retumbará
Sacudirá hasta el cielo
Espectacular
Sensacional

"
30001,3,"
Me montaré
Me montaré en un arco iris de neón

Y viajaré
Y viajaré a Las Vegas, Marte o Benidorm

Y tomaré
Y tomaré la decisión a cara o cruz
Apostaré por un futuro donde tú
Tú eres ficción

"
30001,4,"
Es un vendaval
Que hará temblar mi miedo
Espectacular
Monumental revuelo
Que revolverá lo malo con lo bueno
Todo en este plan
Espectacular
Un ciclón total
Con rayos y con truenos
Espectacular
Un festival de fuego
Y retumbará
Sacudirá hasta el cielo
Espectacular
Sensacional

"
30002,0,"
¿Por qué, Por qué, Por qué?
Te veo en el espejo aunque no estés
Reconozco tu voz, sé que hay algo aquí entre los dos
Siento, siento, siento
Que te conozco de antes de hace tiempo
Que el destino cumplió su misión

"
30002,1,"
Y aunque quieran quitarme la voz
Yo pegaré un grito al cielo
Soy más fuerte si estamos los dos
Va a rendirse el mundo entero
Yo contigo, tú conmigo
Le daré la vuelta al cuento y aunque muera en el intento
Vamos a escribir lo mejor
Yo contigo, tú conmigo
Gong gong goro gong gong
Que va ser mi
Gong gong goro gong gong
Gong gong goro gong gong
Que va ser mi
Gong gong goro gong gong

"
30002,2,"
¿Por qué, por qué, por qué?
Te escucho cuando hablo y aunque no estés
Eres parte de mi y no quiero verme sin ti
Siento, siento, siento
Que te conozco de antes, de hace tiempo
Que el destino cumplió su misión

"
30002,3,"
Contra el viento
Nuestro momento, sé que ya llego y lo presiento
Contra el mundo, los mares, no habrá quien nos separe
Contra el viento, el viento oh
Yo pegaré un grito al cielo, soy mas fuerte si estamos los dos
Va a rendirse el mundo entero
Yo contigo, tú conmigo

"
30003,0,"
Después de todo este final
Que en realidad
Es el comienzo de una guerra sin cuartel
Que humilla y averg"
30003,1,"
Míranos, qué ha sido de nosotros dos
Excombatientes de un amor que nos llenó de vida, uoh
Míranos en este ring desolador
Poniendo precio a un deshonor que solos siembra heridas
Qué estúpidos los dos
Qué triste esta bajada del telón

"
30003,2,"
Cuántos momentos quedarán sin recordar
Ya sepultados para siempre por afán
Y la rabia indecente
Que nos convierte en estos locos sin razón
Que solo pisan platos rotos con dolor
En su circo de escombros

Déjalo, nos hemos ya manchado bien
El alma entera
Y lo peor es que seguimos
Presos de este odio intenso

"
